{"similarity": [79.87745098039215, 83.25980392156865, 83.35784313725489, 85.39915966386556, 84.55882352941175, 81.00490196078432, 85.7107843137255, 84.39425770308125, 82.76260504201682, 83.30882352941175, 84.00035014005603, 82.77836134453783, 80.58823529411767, 79.8774509803922, 82.35294117647058, 79.97899159663865, 84.31022408963584, 83.38235294117649, 78.24229691876752, 80.374649859944, 78.36134453781514, 85.19607843137256, 82.70308123249299, 75.812324929972, 78.67647058823528, 82.15336134453781, 85.29411764705884, 79.77941176470588, 81.77170868347339, 80.29411764705883], "precision": [86.99074074074076, 85.48928285256412, 86.62760416666666, 89.57974003249595, 87.68051287135256, 83.359173126615, 91.41927083333336, 89.2618181818182, 86.61007612179488, 89.39024390243902, 86.77201351619958, 87.20402644230771, 85.8338544923911, 87.13276836158195, 86.5922619047619, 83.7509583439816, 89.71794871794873, 86.26200571082461, 83.96749755620725, 83.63704536932886, 84.12800532800534, 86.65404040404042, 88.25585789871504, 80.40002098595849, 82.02279202279202, 87.00849931318682, 89.61942257217848, 84.2741935483871, 87.04301075268818, 85.98592939318746], "recall": [89.69576719576719, 87.81249999999999, 87.69531249999999, 90.97947983774755, 89.9178811010872, 85.374677002584, 90.94401041666667, 90.96848484848486, 87.30254771270397, 91.50406504065042, 87.93281653746772, 86.97916666666666, 87.95392953929542, 88.68644067796612, 89.34895833333333, 85.23490721165139, 89.83566433566433, 88.19553805774278, 86.33980938416421, 85.81364829396325, 85.16229104229103, 88.27020202020202, 88.04232804232804, 82.89320054945055, 85.93915343915344, 87.44436553030303, 92.42782152230971, 85.98118279569894, 88.58870967741935, 88.27346041055718], "params": [["poly", 0.05, 25, "balanced", 0], ["poly", 0.05, 25, "balanced", 1], ["poly", 0.05, 10, "balanced", 2], ["poly", 0.05, 10, "balanced", 3], ["poly", 0.05, 25, "balanced", 4], ["poly", 0.05, 25, "balanced", 5], ["poly", 0.05, 25, "balanced", 6], ["poly", 0.05, 25, "balanced", 7], ["poly", 0.05, 25, "balanced", 8], ["poly", 0.05, 25, "balanced", 9], ["poly", 0.05, 10, "balanced", 10], ["poly", 0.05, 10, "balanced", 11], ["poly", 0.05, 10, "balanced", 12], ["poly", 0.05, 10, "balanced", 13], ["poly", 0.05, 10, "balanced", 14], ["poly", 0.05, 10, "balanced", 15], ["poly", 0.05, 10, "balanced", 16], ["poly", 0.05, 10, "balanced", 17], ["poly", 0.05, 10, "balanced", 18], ["poly", 0.05, 10, "balanced", 19], ["poly", 0.05, 10, "balanced", 20], ["poly", 0.05, 10, "balanced", 21], ["poly", 0.05, 10, "balanced", 22], ["poly", 0.05, 10, "balanced", 23], ["poly", 0.05, 10, "balanced", 24], ["poly", 0.05, 10, "balanced", 25], ["poly", 0.05, 10, "balanced", 26], ["poly", 0.05, 25, "balanced", 27], ["poly", 0.05, 25, "balanced", 28], ["poly", 0.05, 25, "balanced", 29]]}