{"similarity": [79.01960784313728, 84.19117647058826, 85.1470588235294, 86.41281512605042, 87.84313725490196, 80.75980392156865, 86.05392156862747, 84.76890756302522, 87.1498599439776, 80.56372549019609, 85.91911764705881, 84.0826330532213, 80.71428571428571, 83.99509803921569, 84.80392156862746, 81.36204481792717, 86.10644257703082, 82.8921568627451, 80.92086834733894, 83.91106442577032, 81.890756302521, 87.13235294117646, 84.12990196078431, 79.5728291316527, 79.50980392156862, 81.82773109243698, 85.90686274509804, 84.68137254901961, 82.90441176470588, 82.84313725490196], "precision": [86.91333333333334, 87.0303199404762, 87.5, 91.80146132527084, 91.39949109414758, 86.3888888888889, 91.3573303337083, 90.08571428571432, 89.92919225477365, 88.96428571428571, 87.7865867982147, 89.02153774895787, 88.40749414519908, 90.44017607042817, 90.84656084656085, 86.50841438937779, 91.38715131022825, 87.21597300337457, 86.90214355536936, 87.70264011116258, 87.78344671201813, 89.30555555555554, 89.08792650918636, 84.26897321428575, 84.68205128205129, 88.49017384731671, 89.37007874015748, 89.10569105691057, 87.19758064516128, 88.11362756484709], "recall": [88.34666666666668, 88.58072916666669, 88.08593750000001, 92.42630385487527, 93.06615776081425, 88.06878306878309, 91.65354330708661, 91.64000000000001, 91.81077320612205, 90.31944444444446, 89.56072351421189, 89.39632545931757, 89.30012610340479, 92.0168067226891, 92.35449735449735, 87.75590551181102, 91.89743589743591, 88.05774278215223, 88.36134295811715, 89.22572178477691, 88.640182568754, 90.08838383838385, 89.33070866141732, 87.30225503663004, 87.14666666666666, 88.75661375661376, 91.94225721784775, 91.029810298103, 88.2795698924731, 91.97831978319783], "params": [["rbf", 0.5, 1, null, 0], ["rbf", 0.5, 1, null, 1], ["rbf", 0.5, 1, null, 2], ["rbf", 0.5, 1, null, 3], ["rbf", 0.5, 1, null, 4], ["rbf", 0.5, 1, null, 5], ["rbf", 0.5, 1, null, 6], ["rbf", 0.5, 1, null, 7], ["rbf", 0.5, 1, null, 8], ["rbf", 0.5, 1, null, 9], ["rbf", 0.5, 1, null, 10], ["rbf", 0.5, 1, null, 11], ["rbf", 0.5, 1, null, 12], ["rbf", 0.5, 1, null, 13], ["rbf", 0.5, 1, null, 14], ["rbf", 0.5, 1, null, 15], ["rbf", 0.5, 1, null, 16], ["rbf", 0.5, 1, null, 17], ["rbf", 0.5, 1, null, 18], ["rbf", 0.5, 1, null, 19], ["rbf", 0.5, 1, null, 20], ["rbf", 0.5, 1, null, 21], ["rbf", 0.5, 1, null, 22], ["rbf", 0.5, 1, null, 23], ["rbf", 0.5, 1, null, 24], ["rbf", 0.5, 1, null, 25], ["rbf", 0.5, 1, null, 26], ["rbf", 0.5, 1, null, 27], ["rbf", 0.5, 1, null, 28], ["rbf", 0.5, 1, null, 29]]}