{"similarity": [79.82843137254902, 82.20588235294119, 84.97549019607844, 86.03641456582633, 86.1764705882353, 81.37254901960785, 87.15686274509804, 83.96358543417368, 84.65336134453783, 82.62254901960786, 84.93522408963587, 84.88795518207284, 80.91036414565826, 81.64215686274511, 84.41176470588236, 80.18382352941175, 84.89495798319328, 83.77450980392159, 79.6778711484594, 82.82563025210085, 80.59173669467786, 86.44607843137256, 83.27205882352942, 78.81302521008404, 79.02310924369748, 82.20938375350138, 85.53921568627453, 81.37254901960785, 83.19852941176471, 82.72058823529414], "precision": [86.77333333333334, 83.962729978355, 87.01171875000001, 90.46957671957672, 89.69465648854961, 84.88281250000001, 90.90992986341824, 90.05904761904763, 88.17064012376512, 90.15027322404372, 88.09422348484848, 89.04296875000001, 86.03561749903214, 88.20728291316527, 88.05059523809524, 85.12129834038126, 90.51282051282051, 87.80652418447694, 85.68203302074271, 86.11548556430448, 86.2941628264209, 87.5062656641604, 88.91333333333333, 83.27044700091577, 82.39417989417989, 87.90970933828078, 90.35433070866142, 86.74863387978144, 87.63333333333334, 87.85618279569893], "recall": [89.95238095238093, 86.67224702380952, 88.54166666666666, 91.60774410774411, 91.70483460559797, 87.08333333333333, 90.78811369509044, 92.34060606060606, 89.11417358682985, 91.36612021857924, 89.79166666666667, 89.3359375, 87.86950177194079, 89.3137254901961, 89.19270833333334, 86.21450727749941, 90.48834498834499, 88.56299212598425, 87.20636889991728, 88.75328083989501, 88.26686754106109, 88.70927318295739, 88.54666666666667, 86.51356456043955, 85.18213268213267, 89.0945165945166, 93.33333333333333, 87.96448087431695, 88.93333333333334, 91.23655913978496], "params": [["poly", 0.1, 1, "balanced", 0], ["poly", 0.05, 5, "balanced", 1], ["poly", 0.05, 5, "balanced", 2], ["poly", 0.05, 5, "balanced", 3], ["poly", 0.05, 5, "balanced", 4], ["poly", 0.05, 10, "balanced", 5], ["poly", 0.05, 10, "balanced", 6], ["poly", 0.05, 10, "balanced", 7], ["poly", 0.05, 10, "balanced", 8], ["poly", 0.05, 10, "balanced", 9], ["poly", 0.05, 10, "balanced", 10], ["poly", 0.05, 10, "balanced", 11], ["poly", 0.05, 10, "balanced", 12], ["poly", 0.05, 10, "balanced", 13], ["poly", 0.05, 10, "balanced", 14], ["poly", 0.05, 10, "balanced", 15], ["poly", 0.05, 10, "balanced", 16], ["poly", 0.05, 10, "balanced", 17], ["poly", 0.05, 10, "balanced", 18], ["poly", 0.05, 10, "balanced", 19], ["poly", 0.05, 10, "balanced", 20], ["poly", 0.05, 10, "balanced", 21], ["poly", 0.05, 10, "balanced", 22], ["poly", 0.05, 10, "balanced", 23], ["poly", 0.05, 10, "balanced", 24], ["poly", 0.05, 10, "balanced", 25], ["poly", 0.05, 10, "balanced", 26], ["poly", 0.05, 10, "balanced", 27], ["poly", 0.05, 10, "balanced", 28], ["poly", 0.05, 10, "balanced", 29]]}