{"similarity": [79.01960784313725, 83.43137254901963, 84.58333333333333, 86.12219887955183, 86.20098039215686, 81.61764705882354, 87.40196078431374, 84.89145658263307, 85.79131652661066, 80.56372549019608, 86.51085434173669, 84.01260504201682, 80.72829131652661, 81.66666666666667, 85.5392156862745, 82.66631652661064, 86.35504201680673, 85.1470588235294, 80.41316526610645, 83.74474789915966, 80.38515406162463, 86.27450980392156, 86.80847338935575, 78.75350140056025, 77.51400560224089, 83.0532212885154, 86.51960784313725, 83.08823529411768, 83.6922268907563, 81.12745098039217], "precision": [87.09005376344085, 86.8438320209974, 87.56036931818183, 90.27465316835396, 89.47258848022206, 85.25839793281655, 92.0889136904762, 90.16571428571429, 88.58057317359643, 89.28373015873015, 88.33763996554694, 88.53260118800941, 88.17980744210254, 88.32526230831317, 91.15485564304461, 86.52250781993743, 91.47552447552448, 89.35709959332006, 86.63943583298422, 87.3228346456693, 86.32842025699168, 88.49747474747475, 91.45462080397846, 83.99646577380955, 82.6953846153846, 89.34195725534308, 90.35433070866141, 87.89972899729, 87.75294117647059, 86.08110723964384], "recall": [89.28763440860213, 88.1233595800525, 87.109375, 90.61679790026248, 91.51399491094146, 86.53746770025842, 92.6953125, 91.84, 89.522460743391, 90.36111111111111, 90.21963824289408, 89.00262467191601, 89.14144598570832, 90.04237288135594, 92.08661417322836, 87.97157622739017, 91.8857808857809, 90.1049868766404, 87.81336942627263, 88.79265091863519, 87.0447409733124, 88.76262626262627, 91.5223097112861, 86.41626602564102, 84.79179487179486, 89.4225721784777, 92.46719160104988, 90.21680216802169, 88.58666666666666, 90.35230352303523], "params": [["rbf", 0.05, 10, null, 0], ["rbf", 0.5, 10, null, 1], ["rbf", 0.5, 10, null, 2], ["rbf", 0.5, 1, "balanced", 3], ["rbf", 0.5, 1, "balanced", 4], ["poly", 0.05, 25, "balanced", 5], ["rbf", 0.5, 1, null, 6], ["rbf", 0.5, 1, null, 7], ["poly", 0.05, 25, "balanced", 8], ["rbf", 0.5, 1, null, 9], ["rbf", 0.5, 1, null, 10], ["rbf", 0.5, 1, null, 11], ["rbf", 0.5, 1, null, 12], ["rbf", 0.5, 1, null, 13], ["rbf", 0.5, 1, null, 14], ["rbf", 0.5, 1, null, 15], ["rbf", 0.5, 1, null, 16], ["rbf", 0.5, 1, null, 17], ["rbf", 0.5, 1, null, 18], ["rbf", 0.5, 1, null, 19], ["rbf", 0.5, 1, null, 20], ["rbf", 0.5, 1, null, 21], ["rbf", 0.5, 1, null, 22], ["rbf", 0.5, 1, null, 23], ["rbf", 0.5, 1, null, 24], ["rbf", 0.5, 1, null, 25], ["rbf", 0.5, 1, null, 26], ["rbf", 0.5, 1, null, 27], ["rbf", 0.5, 1, null, 28], ["rbf", 0.5, 1, null, 29]]}