{"similarity": [58.725490196078425, 67.08333333333334, 65.09803921568627, 60.1278011204482, 69.77941176470584, 67.8186274509804, 65.83333333333333, 65.30462184873952, 65.57072829131653, 67.15686274509802, 60.56897759103641, 68.26505602240896, 66.10994397759106, 64.46078431372551, 64.97549019607841, 66.45133053221286, 67.65756302521008, 66.51960784313727, 64.5518207282913, 68.82878151260505, 56.23249299719888, 71.98529411764706, 67.35819327731095, 65.08053221288513, 61.15896358543416, 63.85854341736693, 64.21568627450979, 61.960784313725505, 58.828781512605055, 63.063725490196084], "precision": [62.887139107611546, 71.27604166666669, 68.63049095607235, 63.88578869047621, 71.89393939393935, 71.49870801033593, 69.40568475452196, 69.93250843644546, 68.59706959706959, 73.65591397849461, 63.85566629752676, 71.96936138796603, 72.50768049155147, 73.66946778711487, 68.50129198966407, 68.98764085786983, 69.18367346938776, 71.23359580052495, 70.79877112135176, 73.13058035714288, 60.69538926681785, 73.60902255639098, 71.01328903654488, 69.14806547619045, 66.01284958427814, 66.80586080586079, 67.17948717948717, 67.95698924731184, 63.49773242630388, 68.61333333333334], "recall": [68.35020622422198, 75.79799107142857, 72.33850129198964, 67.71323728354977, 77.00872359963267, 76.69250645994832, 72.85529715762274, 74.39155332856122, 74.14416352877892, 78.6021505376344, 69.8966408268734, 75.9597637504614, 77.36765922249795, 78.0952380952381, 74.31524547803619, 74.18690724034234, 73.70471633629528, 75.5774278215223, 77.0951763290473, 77.43489583333334, 65.88003266574695, 77.05513784461155, 73.77260981912144, 74.35468177655676, 70.51790801790801, 72.73892773892774, 71.38461538461539, 72.3264907135875, 67.76455026455027, 74.48502164502166]}