{"similarity": [75.41666666666667, 78.84803921568627, 82.8186274509804, 84.3469887955182, 83.23529411764706, 80.93137254901961, 84.06862745098039, 80.43417366946781, 80.05952380952381, 80.51470588235296, 84.05462184873949, 81.31302521008404, 80.20658263305323, 80.26960784313728, 80.85784313725493, 77.09558823529412, 83.75700280112045, 81.22549019607844, 75.42366946778711, 79.07913165266106, 78.46638655462186, 82.52450980392156, 86.52836134453783, 73.00070028011206, 76.0889355742297, 79.6393557422969, 85.90686274509804, 77.54901960784315, 81.55462184873953, 80.66176470588236], "precision": [83.664343786295, 81.37276785714288, 87.04117063492065, 86.74733709273184, 85.69974554707377, 84.53683035714286, 88.87276785714286, 85.76761904761906, 83.94863816738815, 85.61827956989247, 87.84230096237971, 85.24840644919385, 85.95431668602401, 86.21448579431775, 86.343537414966, 79.97497600438777, 88.56585081585082, 85.07023160566466, 80.72964669738865, 82.69903762029747, 83.56248196248198, 85.61868686868686, 91.70419730392157, 79.15532879818595, 79.98677248677248, 83.49351767956419, 89.39276485788115, 81.92204301075269, 85.6166666666667, 86.40189783334947], "recall": [84.70770421989933, 83.14360119047619, 86.58854166666667, 88.64667884199135, 89.11635438352997, 85.95052083333333, 88.93229166666666, 86.77515151515152, 84.88208406177156, 86.70698924731184, 88.96325459317586, 84.79565054368203, 87.19929122368146, 87.67507002801122, 88.29365079365078, 81.63636363636361, 89.52097902097901, 85.41994750656166, 82.1308463042334, 85.18372703412075, 84.8643623043623, 85.49242424242424, 91.15885416666667, 80.55206698063839, 82.22629222629223, 83.89711064129668, 91.53746770025839, 83.73778103616813, 88.37333333333332, 89.22898338220917], "params": [["rbf", 0.5, 1, "balanced", 0], ["poly", 0.05, 25, "balanced", 1], ["poly", 0.1, 10, "balanced", 2], ["poly", 0.1, 5, "balanced", 3], ["poly", 0.05, 50, "balanced", 4], ["poly", 0.05, 25, "balanced", 5], ["poly", 0.05, 50, "balanced", 6], ["poly", 0.05, 50, "balanced", 7], ["poly", 0.05, 50, "balanced", 8], ["poly", 0.05, 50, "balanced", 9], ["poly", 0.05, 50, "balanced", 10], ["poly", 0.05, 50, "balanced", 11], ["poly", 0.05, 50, "balanced", 12], ["poly", 0.05, 50, "balanced", 13], ["poly", 0.05, 50, "balanced", 14], ["poly", 0.05, 50, "balanced", 15], ["poly", 0.05, 50, "balanced", 16], ["poly", 0.05, 50, "balanced", 17], ["poly", 0.05, 50, "balanced", 18], ["poly", 0.05, 50, "balanced", 19], ["poly", 0.05, 50, "balanced", 20], ["poly", 0.05, 50, "balanced", 21], ["poly", 0.05, 50, "balanced", 22], ["poly", 0.05, 50, "balanced", 23], ["poly", 0.05, 50, "balanced", 24], ["poly", 0.05, 50, "balanced", 25], ["poly", 0.05, 50, "balanced", 26], ["poly", 0.05, 50, "balanced", 27], ["poly", 0.05, 50, "balanced", 28], ["poly", 0.05, 50, "balanced", 29]]}